{
  "settings": {
    "complete": false,
    "img_filename": "settings",
    "mapped": true,
    "bg_els": [],
    "statics": [
      {
        "title": "Recent",
        "width": 130,
        "height": 130,
        "x": 1213,
        "y": 2035,
        "target": "recent",
        "complete": true
      },
      {
        "title": "Home",
        "width": 130,
        "height": 130,
        "x": 1400,
        "y": 2035,
        "target": "home",
        "complete": true
      },
      {
        "title": "back",
        "width": 130,
        "height": 130,
        "x": 1591,
        "y": 2035,
        "target": null,
        "complete": true
      }
    ],
    "scroll_area": {
      "x": 0,
      "y": 334,
      "width": 1080,
      "height": 2162,
      "img_filename": "settings-stitched",
      "img_height": 6907,
      "buttons": [
        {
          "title": "John Adams",
          "complete": false,
          "width": 1080,
          "height": 276,
          "x": 0,
          "y": 0,
          "from_scrollable": true,
          "parent": "settings",
          "slug": "settings-john_adams",
          "target": "settings-john_adams"
        },
        {
          "title": "Connections",
          "complete": false,
          "width": 1080,
          "height": 209,
          "x": 0,
          "y": 336,
          "from_scrollable": true,
          "parent": "settings",
          "slug": "settings-connections"
        },
        {
          "title": "Connected devices",
          "complete": false,
          "width": 1080,
          "height": 209,
          "x": 0,
          "y": 545,
          "from_scrollable": true,
          "parent": "settings",
          "slug": "settings-connected_devices"
        },
        {
          "title": "Galaxy AI",
          "complete": false,
          "width": 1080,
          "height": 209,
          "x": 0,
          "y": 814,
          "from_scrollable": true,
          "parent": "settings",
          "slug": "settings-galaxy_ai"
        },
        {
          "title": "Modes and Routines",
          "complete": false,
          "width": 1080,
          "height": 209,
          "x": 0,
          "y": 1023,
          "from_scrollable": true,
          "parent": "settings",
          "slug": "settings-modes_and_routines"
        },
        {
          "title": "Sounds and vibration",
          "complete": false,
          "width": 1080,
          "height": 209,
          "x": 0,
          "y": 1232,
          "from_scrollable": true,
          "parent": "settings",
          "slug": "settings-sounds_and_vibration"
        },
        {
          "title": "Notifications",
          "complete": false,
          "width": 1080,
          "height": 209,
          "x": 0,
          "y": 1441,
          "from_scrollable": true,
          "parent": "settings",
          "slug": "settings-notifications"
        },
        {
          "title": "Display",
          "complete": false,
          "width": 1080,
          "height": 260,
          "x": 0,
          "y": 1710,
          "from_scrollable": true,
          "parent": "settings",
          "slug": "settings-display"
        },
        {
          "title": "Battery",
          "complete": false,
          "width": 1080,
          "height": 209,
          "x": 0,
          "y": 1970,
          "from_scrollable": true,
          "parent": "settings",
          "slug": "settings-battery"
        },
        {
          "title": "Wallpaper and style",
          "complete": false,
          "width": 1080,
          "height": 209,
          "x": 0,
          "y": 2239,
          "from_scrollable": true,
          "parent": "settings",
          "slug": "settings-wallpaper_and_style"
        },
        {
          "title": "Themes",
          "complete": false,
          "width": 1080,
          "height": 209,
          "x": 0,
          "y": 2448,
          "from_scrollable": true,
          "parent": "settings",
          "slug": "settings-themes"
        },
        {
          "title": "Home screen",
          "complete": false,
          "width": 1080,
          "height": 209,
          "x": 0,
          "y": 2657,
          "from_scrollable": true,
          "parent": "settings",
          "slug": "settings-home_screen"
        },
        {
          "title": "Lock screen and AOD",
          "complete": false,
          "width": 1080,
          "height": 209,
          "x": 0,
          "y": 2866,
          "from_scrollable": true,
          "parent": "settings",
          "slug": "settings-lock_screen_and_aod"
        },
        {
          "title": "Cover screen",
          "complete": false,
          "width": 1080,
          "height": 209,
          "x": 0,
          "y": 3075,
          "from_scrollable": true,
          "parent": "settings",
          "slug": "settings-cover_screen"
        },
        {
          "title": "Security and privacy",
          "complete": false,
          "width": 1080,
          "height": 209,
          "x": 0,
          "y": 3344,
          "from_scrollable": true,
          "parent": "settings",
          "slug": "settings-security_and_privacy"
        },
        {
          "title": "Location",
          "complete": false,
          "width": 1080,
          "height": 209,
          "x": 0,
          "y": 3553,
          "from_scrollable": true,
          "parent": "settings",
          "slug": "settings-location"
        },
        {
          "title": "Safety and emergency",
          "complete": false,
          "width": 1080,
          "height": 209,
          "x": 0,
          "y": 3762,
          "from_scrollable": true,
          "parent": "settings",
          "slug": "settings-safety_and_emergency"
        },
        {
          "title": "Accounts and backup",
          "complete": false,
          "width": 1080,
          "height": 209,
          "x": 0,
          "y": 4031,
          "from_scrollable": true,
          "parent": "settings",
          "slug": "settings-accounts_and_backup"
        },
        {
          "title": "Google",
          "complete": false,
          "width": 1080,
          "height": 209,
          "x": 0,
          "y": 4240,
          "from_scrollable": true,
          "parent": "settings",
          "slug": "settings-google"
        },
        {
          "title": "Advanced features",
          "complete": false,
          "width": 1080,
          "height": 209,
          "x": 0,
          "y": 4509,
          "from_scrollable": true,
          "parent": "settings",
          "slug": "settings-advanced_features"
        },
        {
          "title": "Digital Wellbeing and parental controls",
          "complete": false,
          "width": 1080,
          "height": 277,
          "x": 0,
          "y": 4778,
          "from_scrollable": true,
          "parent": "settings",
          "slug": "settings-digital_wellbeing_and_parental_controls"
        },
        {
          "title": "Device care",
          "complete": false,
          "width": 1080,
          "height": 209,
          "x": 0,
          "y": 5055,
          "from_scrollable": true,
          "parent": "settings",
          "slug": "settings-device_care"
        },
        {
          "title": "Apps",
          "complete": false,
          "width": 1080,
          "height": 209,
          "x": 0,
          "y": 5264,
          "from_scrollable": true,
          "parent": "settings",
          "slug": "settings-apps"
        },
        {
          "title": "General management",
          "complete": false,
          "width": 1080,
          "height": 209,
          "x": 0,
          "y": 5533,
          "from_scrollable": true,
          "parent": "settings",
          "slug": "settings-general_management"
        },
        {
          "title": "Accessibility",
          "complete": false,
          "width": 1080,
          "height": 209,
          "x": 0,
          "y": 5742,
          "from_scrollable": true,
          "parent": "settings",
          "slug": "settings-accessibility"
        },
        {
          "title": "Software update",
          "complete": false,
          "width": 1080,
          "height": 209,
          "x": 0,
          "y": 6011,
          "from_scrollable": true,
          "parent": "settings",
          "slug": "settings-software_update"
        },
        {
          "title": "Tips and user guide",
          "complete": false,
          "width": 1080,
          "height": 209,
          "x": 0,
          "y": 6220,
          "from_scrollable": true,
          "parent": "settings",
          "slug": "settings-tips_and_user_guide"
        },
        {
          "title": "About phone",
          "complete": false,
          "width": 1080,
          "height": 209,
          "x": 0,
          "y": 6429,
          "from_scrollable": true,
          "parent": "settings",
          "slug": "settings-about_phone"
        },
        {
          "title": "Developer options",
          "complete": false,
          "width": 1080,
          "height": 209,
          "x": 0,
          "y": 6638,
          "from_scrollable": true,
          "parent": "settings",
          "slug": "settings-developer_options"
        }
      ]
    }
  },
  "settings-john_adams": {
    "complete": false,
    "img_filename": "settings-john_adams",
    "mapped": true,
    "bg_els": [],
    "statics": [
      {
        "title": "Recent",
        "width": 130,
        "height": 130,
        "x": 1213,
        "y": 2035,
        "target": "recent",
        "complete": true
      },
      {
        "title": "Home",
        "width": 130,
        "height": 130,
        "x": 1400,
        "y": 2035,
        "target": "home",
        "complete": true
      },
      {
        "title": "back",
        "width": 130,
        "height": 130,
        "x": 1591,
        "y": 2035,
        "target": null,
        "complete": true
      }
    ],
    "scroll_area": {
      "x": 0,
      "y": 865,
      "width": 1080,
      "height": 1631,
      "img_filename": "settings-john_adams-stitched",
      "img_height": 2789,
      "buttons": [
        {
          "title": "Profile info",
          "complete": true,
          "width": 1080,
          "height": 168,
          "x": 0,
          "y": 0,
          "from_scrollable": true,
          "parent": "settings-john_adams",
          "slug": "settings-john_adams-profile_info",
          "target": null
        },
        {
          "title": "Family",
          "complete": true,
          "width": 1080,
          "height": 168,
          "x": 0,
          "y": 168,
          "from_scrollable": true,
          "parent": "settings-john_adams",
          "slug": "settings-john_adams-family",
          "target": null
        },
        {
          "title": "Devices",
          "complete": true,
          "width": 1080,
          "height": 209,
          "x": 0,
          "y": 336,
          "from_scrollable": true,
          "parent": "settings-john_adams",
          "slug": "settings-john_adams-devices",
          "target": null
        },
        {
          "title": "Places",
          "complete": true,
          "width": 1080,
          "height": 168,
          "x": 0,
          "y": 545,
          "from_scrollable": true,
          "parent": "settings-john_adams",
          "slug": "settings-john_adams-places",
          "target": null
        },
        {
          "title": "Payment methods",
          "complete": true,
          "width": 1080,
          "height": 168,
          "x": 0,
          "y": 713,
          "from_scrollable": true,
          "parent": "settings-john_adams",
          "slug": "settings-john_adams-payment_methods",
          "target": "settings-john_adams-payment_methods"
        },
        {
          "title": "Security and privacy",
          "complete": true,
          "width": 1080,
          "height": 157,
          "x": 0,
          "y": 881,
          "from_scrollable": true,
          "parent": "settings-john_adams",
          "slug": "settings-john_adams-security_and_privacy",
          "target": null
        },
        {
          "title": "Samsung Cloud",
          "complete": true,
          "width": 1080,
          "height": 209,
          "x": 0,
          "y": 1147,
          "from_scrollable": true,
          "parent": "settings-john_adams",
          "slug": "settings-john_adams-samsung_cloud",
          "target": null
        },
        {
          "title": "Galaxy AI",
          "complete": false,
          "width": 1080,
          "height": 209,
          "x": 0,
          "y": 1356,
          "from_scrollable": true,
          "parent": "settings-john_adams",
          "slug": "settings-john_adams-galaxy_ai",
          "target": "settings-john_adams-galaxy_ai"
        },
        {
          "title": "Galaxy sharing",
          "complete": false,
          "width": 1080,
          "height": 168,
          "x": 0,
          "y": 1625,
          "from_scrollable": true,
          "parent": "settings-john_adams",
          "slug": "settings-john_adams-galaxy_sharing"
        },
        {
          "title": "Samsung Pass",
          "complete": false,
          "width": 1080,
          "height": 168,
          "x": 0,
          "y": 1793,
          "from_scrollable": true,
          "parent": "settings-john_adams",
          "slug": "settings-john_adams-samsung_pass"
        },
        {
          "title": "Samsung Find",
          "complete": false,
          "width": 1080,
          "height": 168,
          "x": 0,
          "y": 1961,
          "from_scrollable": true,
          "parent": "settings-john_adams",
          "slug": "settings-john_adams-samsung_find"
        },
        {
          "title": "Samsung apps and services",
          "complete": false,
          "width": 1080,
          "height": 168,
          "x": 0,
          "y": 2129,
          "from_scrollable": true,
          "parent": "settings-john_adams",
          "slug": "settings-john_adams-samsung_apps_and_services"
        },
        {
          "title": "Linked accounts",
          "complete": false,
          "width": 1080,
          "height": 168,
          "x": 0,
          "y": 2357,
          "from_scrollable": true,
          "parent": "settings-john_adams",
          "slug": "settings-john_adams-linked_accounts"
        }
      ]
    }
  },
  "settings-john_adams-payment_methods": {
    "complete": true,
    "img_filename": "settings-john_adams-payment_methods",
    "mapped": true,
    "bg_els": [],
    "statics": [
      {
        "title": "Recent",
        "width": 130,
        "height": 130,
        "x": 1213,
        "y": 2035,
        "target": "recent",
        "complete": true
      },
      {
        "title": "Home",
        "width": 130,
        "height": 130,
        "x": 1400,
        "y": 2035,
        "target": "home",
        "complete": true
      },
      {
        "title": "back",
        "width": 130,
        "height": 130,
        "x": 1591,
        "y": 2035,
        "target": null,
        "complete": true
      }
    ],
    "buttons": [
      {
        "title": "Payment methods",
        "complete": true,
        "width": 1080,
        "height": 168,
        "x": 0,
        "y": 443,
        "from_scrollable": false,
        "parent": "settings-john_adams-payment_methods",
        "slug": "settings-john_adams-payment_methods-payment_methods",
        "target": null
      }
    ]
  },
  "settings-john_adams-galaxy_ai": {
    "complete": false,
    "img_filename": "settings-john_adams-galaxy_ai",
    "mapped": true,
    "bg_els": [],
    "statics": [
      {
        "title": "Recent",
        "width": 130,
        "height": 130,
        "x": 1213,
        "y": 2035,
        "target": "recent",
        "complete": true
      },
      {
        "title": "Home",
        "width": 130,
        "height": 130,
        "x": 1400,
        "y": 2035,
        "target": "home",
        "complete": true
      },
      {
        "title": "back",
        "width": 130,
        "height": 130,
        "x": 1591,
        "y": 2035,
        "target": null,
        "complete": true
      }
    ],
    "scroll_area": {
      "x": 0,
      "y": 334,
      "width": 1080,
      "height": 2162,
      "img_filename": "settings-john_adams-galaxy_ai-stitched",
      "img_height": 4658,
      "buttons": [
        {
          "title": "Call assist",
          "complete": false,
          "width": 1080,
          "height": 260,
          "x": 0,
          "y": 174,
          "from_scrollable": true,
          "parent": "settings-john_adams-galaxy_ai",
          "slug": "settings-john_adams-galaxy_ai-call_assist",
          "target": "settings-john_adams-galaxy_ai-call_assist"
        },
        {
          "title": "Chat assist",
          "complete": true,
          "width": 1080,
          "height": 520,
          "x": 0,
          "y": 434,
          "from_scrollable": true,
          "parent": "settings-john_adams-galaxy_ai",
          "slug": "settings-john_adams-galaxy_ai-chat_assist",
          "target": null
        },
        {
          "title": "Interpreter",
          "complete": false,
          "width": 1080,
          "height": 312,
          "x": 0,
          "y": 954,
          "from_scrollable": true,
          "parent": "settings-john_adams-galaxy_ai",
          "slug": "settings-john_adams-galaxy_ai-interpreter"
        },
        {
          "title": "Note assist",
          "complete": false,
          "width": 1080,
          "height": 312,
          "x": 0,
          "y": 1314,
          "from_scrollable": true,
          "parent": "settings-john_adams-galaxy_ai",
          "slug": "settings-john_adams-galaxy_ai-note_assist"
        },
        {
          "title": "Transcript assist",
          "complete": false,
          "width": 1080,
          "height": 312,
          "x": 0,
          "y": 1626,
          "from_scrollable": true,
          "parent": "settings-john_adams-galaxy_ai",
          "slug": "settings-john_adams-galaxy_ai-transcript_assist"
        },
        {
          "title": "Browsing assist",
          "complete": false,
          "width": 1080,
          "height": 260,
          "x": 0,
          "y": 1938,
          "from_scrollable": true,
          "parent": "settings-john_adams-galaxy_ai",
          "slug": "settings-john_adams-galaxy_ai-browsing_assist"
        },
        {
          "title": "Photo assist",
          "complete": false,
          "width": 1080,
          "height": 416,
          "x": 0,
          "y": 2246,
          "from_scrollable": true,
          "parent": "settings-john_adams-galaxy_ai",
          "slug": "settings-john_adams-galaxy_ai-photo_assist"
        },
        {
          "title": "Drawing assist",
          "complete": false,
          "width": 1080,
          "height": 364,
          "x": 0,
          "y": 2662,
          "from_scrollable": true,
          "parent": "settings-john_adams-galaxy_ai",
          "slug": "settings-john_adams-galaxy_ai-drawing_assist"
        },
        {
          "title": "Photo ambient wallpaper",
          "complete": false,
          "width": 1080,
          "height": 260,
          "x": 0,
          "y": 3026,
          "from_scrollable": true,
          "parent": "settings-john_adams-galaxy_ai",
          "slug": "settings-john_adams-galaxy_ai-photo_ambient_wallpaper"
        },
        {
          "title": "Health assist",
          "complete": false,
          "width": 1080,
          "height": 364,
          "x": 0,
          "y": 3334,
          "from_scrollable": true,
          "parent": "settings-john_adams-galaxy_ai",
          "slug": "settings-john_adams-galaxy_ai-health_assist"
        },
        {
          "title": "Process data only on device",
          "complete": false,
          "width": 1080,
          "height": 468,
          "x": 0,
          "y": 3746,
          "from_scrollable": true,
          "parent": "settings-john_adams-galaxy_ai",
          "slug": "settings-john_adams-galaxy_ai-process_data_only_on_device"
        },
        {
          "title": "About advanced intelligence",
          "complete": false,
          "width": 1080,
          "height": 168,
          "x": 0,
          "y": 4262,
          "from_scrollable": true,
          "parent": "settings-john_adams-galaxy_ai",
          "slug": "settings-john_adams-galaxy_ai-about_advanced_intelligence"
        },
        {
          "title": "Terms and Conditions",
          "complete": false,
          "width": 1080,
          "height": 168,
          "x": 0,
          "y": 4430,
          "from_scrollable": true,
          "parent": "settings-john_adams-galaxy_ai",
          "slug": "settings-john_adams-galaxy_ai-terms_and_conditions"
        }
      ]
    }
  },
  "settings-john_adams-galaxy_ai-call_assist": {
    "complete": false,
    "img_filename": "settings-john_adams-galaxy_ai-call_assist",
    "mapped": true,
    "bg_els": [],
    "statics": [
      {
        "title": "Recent",
        "width": 130,
        "height": 130,
        "x": 1213,
        "y": 2035,
        "target": "recent",
        "complete": true
      },
      {
        "title": "Home",
        "width": 130,
        "height": 130,
        "x": 1400,
        "y": 2035,
        "target": "home",
        "complete": true
      },
      {
        "title": "back",
        "width": 130,
        "height": 130,
        "x": 1591,
        "y": 2035,
        "target": null,
        "complete": true
      }
    ],
    "buttons": [
      {
        "title": "Language",
        "complete": false,
        "width": 1080,
        "height": 209,
        "x": 0,
        "y": 1963,
        "from_scrollable": false,
        "parent": "settings-john_adams-galaxy_ai-call_assist",
        "slug": "settings-john_adams-galaxy_ai-call_assist-language"
      },
      {
        "title": "Voice",
        "complete": false,
        "width": 1080,
        "height": 209,
        "x": 0,
        "y": 2172,
        "from_scrollable": false,
        "parent": "settings-john_adams-galaxy_ai-call_assist",
        "slug": "settings-john_adams-galaxy_ai-call_assist-voice"
      },
      {
        "title": "Mute my voice",
        "complete": false,
        "width": 1080,
        "height": 115,
        "x": 0,
        "y": 2381,
        "from_scrollable": false,
        "parent": "settings-john_adams-galaxy_ai-call_assist",
        "slug": "settings-john_adams-galaxy_ai-call_assist-mute_my_voice"
      }
    ]
  }
}